,City,Country,Lat,Lng,Max Temp,Humidity,Cloudiness,Wind Speed,Weather Description
0,Bethel,US,41.3712,-73.414,30.99,79,8,9.19,clear sky
1,Grindavik,IS,63.8424,-22.4338,28.4,69,75,23.02,broken clouds
2,Ribas Do Rio Pardo,BR,-20.4431,-53.7592,70.03,95,100,6.22,overcast clouds
3,Awjilah,LY,29.1081,21.2869,58.64,35,25,10.31,scattered clouds
4,Butaritari,KI,3.0707,172.7902,80.01,81,70,12.82,light rain
5,Qaanaaq,GL,77.484,-69.3632,15.1,89,100,2.98,overcast clouds
6,Hermanus,ZA,-34.4187,19.2345,89.01,50,1,7.0,clear sky
7,Cape Town,ZA,-33.9258,18.4232,78.8,53,0,12.66,clear sky
8,Trelew,AR,-43.249,-65.3051,76.08,30,0,13.0,clear sky
9,Thompson,CA,55.7435,-97.8558,-7.6,77,90,3.85,light snow
10,Coahuayana,MX,18.7333,-103.6833,72.68,49,0,3.83,clear sky
11,Oksfjord,NO,70.2396,22.3479,17.6,79,75,32.21,snow
12,Barrow,US,71.2906,-156.7887,1.4,85,90,28.77,snow
13,Sibolga,ID,1.7427,98.7792,81.55,73,100,2.93,light rain
14,Port Alfred,ZA,-33.5906,26.891,78.01,80,33,10.0,scattered clouds
15,Caruray,PH,10.3094,119.0128,82.4,83,40,6.91,scattered clouds
16,Hofn,IS,64.2539,-15.2082,30.2,43,20,28.77,few clouds
17,Yinchuan,CN,38.4681,106.2731,33.46,63,2,6.82,clear sky
18,Ushuaia,AR,-54.8,-68.3,46.4,57,20,5.19,few clouds
19,Zhigansk,RU,66.7697,123.3711,-41.21,79,100,8.03,overcast clouds
20,Albany,US,42.6001,-73.9662,30.99,70,40,5.03,scattered clouds
21,Beringovskiy,RU,63.05,179.3167,-8.72,90,30,2.26,scattered clouds
22,Bac Lieu,VN,9.285,105.7244,78.91,76,92,8.48,overcast clouds
23,Natal,BR,-5.795,-35.2094,75.2,88,20,4.61,few clouds
24,Kapaa,US,22.0752,-159.319,73.4,73,1,20.71,clear sky
25,Antofagasta,CL,-23.65,-70.4,64.4,77,20,6.91,few clouds
26,Jamestown,US,42.097,-79.2353,32.0,93,90,8.05,mist
27,Norman Wells,CA,65.282,-126.8329,3.2,85,90,5.75,light snow
28,Dong Hoi,VN,17.4833,106.6,68.5,85,56,5.41,broken clouds
29,Hobart,AU,-42.8794,147.3294,63.0,77,40,5.75,scattered clouds
30,Rikitea,PF,-23.1203,-134.9692,78.42,73,0,13.78,clear sky
31,East London,ZA,-33.0153,27.9116,80.6,69,20,14.97,few clouds
32,Cedar City,US,37.6775,-113.0619,35.6,64,1,8.05,clear sky
33,Carnarvon,AU,-24.8667,113.6333,82.4,74,0,19.57,clear sky
34,Iracemapolis,BR,-22.5806,-47.5186,75.0,83,20,12.66,few clouds
35,Dauriya,RU,49.9333,116.8667,-2.83,89,67,6.44,broken clouds
36,Tuktoyaktuk,CA,69.4541,-133.0374,-12.98,88,63,13.65,broken clouds
37,Nome,US,64.5011,-165.4064,26.6,93,90,8.05,light snow
38,Yanam,IN,16.7333,82.2167,84.2,65,11,5.75,haze
39,Mahon,ES,39.8885,4.2658,59.0,82,40,24.16,scattered clouds
40,Rafraf,TN,37.1904,10.1837,60.8,58,0,14.09,clear sky
41,Baherden,TM,38.4362,57.4316,36.12,75,1,3.02,clear sky
42,Nyurba,RU,63.2842,118.3319,-55.77,63,57,1.3,broken clouds
43,Bajil,YE,15.0584,43.2851,86.58,36,12,6.82,few clouds
44,Lorengau,PG,-2.0226,147.2712,82.0,67,100,4.18,overcast clouds
45,Bloemfontein,ZA,-29.1211,26.214,86.0,45,20,10.36,few clouds
46,Praxedis Guerrero,MX,31.3667,-106.0167,46.4,81,20,13.8,few clouds
47,Codrington,AU,-38.2667,141.9667,58.8,91,100,6.89,overcast clouds
48,Georgetown,MY,5.4112,100.3354,89.6,58,20,11.5,few clouds
49,Atar,MR,20.5169,-13.0499,64.4,19,99,11.5,overcast clouds
50,Nazarovo,RU,56.0064,90.3914,13.21,95,100,9.86,overcast clouds
51,Kruisfontein,ZA,-34.0033,24.7314,80.83,59,86,8.43,overcast clouds
52,Grand Gaube,MU,-20.0064,57.6608,86.0,62,1,7.0,clear sky
53,New Norfolk,AU,-42.7826,147.0587,63.0,50,100,1.99,overcast clouds
54,Kendari,ID,-3.945,122.4989,81.43,77,0,3.76,clear sky
55,Puerto Ayora,EC,-0.7393,-90.3518,75.0,95,38,4.0,light rain
56,Cabo San Lucas,MX,22.8909,-109.9124,64.99,89,91,7.2,overcast clouds
57,Chunskiy,RU,56.0815,99.6342,8.49,95,100,3.22,light snow
58,Limbang,MY,4.75,115.0,75.2,94,75,5.75,heavy intensity rain
59,Balabac,PH,7.9868,117.0645,80.8,81,63,6.71,broken clouds
60,Lagoa,PT,39.05,-27.9833,58.73,91,99,15.75,light rain
61,Ponta Do Sol,PT,32.6667,-17.1,64.99,65,8,5.01,clear sky
62,Tuatapere,NZ,-46.1333,167.6833,61.0,69,100,8.01,overcast clouds
63,Ahipara,NZ,-35.1667,173.1667,59.05,75,19,5.32,few clouds
64,Bethanien,NA,-26.502,17.1583,94.57,24,24,14.16,few clouds
65,Talara,PE,-4.5772,-81.2719,73.44,76,94,12.39,overcast clouds
66,Fortuna,US,40.5982,-124.1573,43.0,93,90,17.27,overcast clouds
67,Peace River,CA,56.2501,-117.286,19.4,79,40,13.8,scattered clouds
68,Busselton,AU,-33.65,115.3333,80.01,48,0,7.0,clear sky
69,Vaini,TO,-21.2,-175.2,77.0,100,90,11.27,light rain
70,Hami,CN,42.8,93.45,30.11,70,44,7.63,scattered clouds
71,Bengkulu,ID,-3.8004,102.2655,84.74,66,40,11.81,scattered clouds
72,Porgera,PG,-5.4667,143.2,45.36,100,100,0.51,light rain
73,Polovinnoye,RU,54.7914,65.9864,-3.87,92,99,5.59,overcast clouds
74,Padang,ID,-0.9492,100.3543,86.0,66,20,3.44,few clouds
75,Clyde River,CA,70.4692,-68.5914,-2.2,84,1,6.91,clear sky
76,Dingle,PH,10.9995,122.6711,79.07,84,100,3.78,light rain
77,Pathein,MM,16.7833,94.7333,82.35,46,44,13.96,scattered clouds
78,Carutapera,BR,-1.195,-46.02,77.07,92,100,6.51,light rain
79,Bardiyah,LY,31.7561,25.0865,56.37,53,80,2.13,broken clouds
80,Havre-Saint-Pierre,CA,50.2334,-63.5986,3.2,72,90,11.5,overcast clouds
81,Lagos,NG,6.5833,3.75,84.2,48,57,12.66,haze
82,Atuona,PF,-9.8,-139.0333,77.88,79,3,13.76,light rain
83,Cidreira,BR,-30.1811,-50.2056,74.41,84,35,12.95,scattered clouds
84,Talcahuano,CL,-36.7167,-73.1167,55.4,100,0,2.3,mist
85,Marang,MY,5.2056,103.2059,78.8,83,40,1.14,scattered clouds
86,Acapulco,MX,16.8634,-99.8901,75.29,75,0,3.58,clear sky
87,Arraial Do Cabo,BR,-22.9661,-42.0278,77.0,83,20,11.5,few clouds
88,Palenque,MX,17.5167,-91.9667,66.58,90,0,2.26,clear sky
89,High Level,CA,58.5169,-117.136,17.6,93,90,3.44,light snow
90,Mataura,NZ,-46.1927,168.8643,61.0,69,97,8.01,light rain
91,Rundu,NA,-17.9333,19.7667,74.53,77,100,5.99,light rain
92,Kodiak,US,57.79,-152.4072,39.2,93,40,4.61,scattered clouds
93,Khatanga,RU,71.9667,102.5,-27.89,85,100,8.1,overcast clouds
94,Cancun,MX,21.1743,-86.8466,75.0,94,20,3.44,few clouds
95,Maldonado,UY,-34.6667,-54.9167,73.0,88,20,6.91,few clouds
96,Bubaque,GW,11.2833,-15.8333,77.27,64,90,6.49,overcast clouds
97,Foki,RU,56.693,54.3499,-0.17,92,71,4.61,light snow
98,Fairbanks,US,64.8378,-147.7164,6.8,72,75,3.18,broken clouds
99,Todos Santos,MX,23.45,-110.2167,66.99,92,66,1.01,broken clouds
100,Vestmanna,FO,62.1564,-7.1664,33.8,80,40,20.71,light snow
101,Bluff,NZ,-46.6,168.3333,61.0,69,94,8.01,light rain
102,Rockingham,US,42.9668,-71.0995,28.0,71,100,4.79,overcast clouds
103,Mao,ES,39.8885,4.2658,59.0,82,40,24.16,scattered clouds
104,Sitka,US,57.0531,-135.33,35.6,93,90,1.77,overcast clouds
105,Sanghar,PK,26.0466,68.9481,77.0,33,0,6.91,smoke
106,Avarua,CK,-21.2078,-159.775,80.6,78,40,5.75,light rain
107,Beruwala,LK,6.4788,79.9828,81.66,78,96,7.81,light rain
108,Leningradskiy,RU,69.3833,178.4167,-9.44,89,100,12.44,light snow
109,Quang Ngai,VN,15.1167,108.8,72.99,87,69,7.49,broken clouds
110,Makakilo City,US,21.3469,-158.0858,75.2,64,1,5.75,clear sky
111,Guerrero Negro,MX,27.9769,-114.0611,56.95,84,0,7.07,clear sky
112,Esperance,AU,-33.8667,121.9,77.0,57,0,18.41,clear sky
113,Chabahar,IR,25.2919,60.643,76.32,34,0,4.88,clear sky
114,Bandarbeyla,SO,9.4942,50.8122,77.79,63,21,20.98,few clouds
115,Waipawa,NZ,-41.4122,175.5153,61.0,82,20,18.41,few clouds
116,Hasaki,JP,35.7333,140.8333,48.2,71,40,3.44,scattered clouds
117,Punta Arenas,CL,-53.15,-70.9167,46.4,66,0,16.11,clear sky
118,Svetlaya,RU,46.5389,138.3297,10.35,76,0,9.84,clear sky
119,Pevek,RU,69.7008,170.3133,-12.66,89,100,10.02,overcast clouds
120,Los Llanos De Aridane,ES,28.6585,-17.9182,68.0,73,75,9.22,broken clouds
121,San Jose,US,37.3394,-121.895,48.2,71,90,8.05,overcast clouds
122,Mount Gambier,AU,-37.8333,140.7667,60.8,77,48,9.22,scattered clouds
123,Wajir,KE,1.7471,40.0573,86.0,58,75,6.91,broken clouds
124,Saint George,US,37.1041,-113.5841,41.0,65,20,2.57,few clouds
125,Huangmei,CN,30.1924,116.025,53.35,80,93,3.98,overcast clouds
126,Kavieng,PG,-2.5744,150.7967,82.0,69,100,7.94,overcast clouds
127,Geraldton,AU,-28.7667,114.6,80.6,65,0,14.97,clear sky
128,Yakeshi,CN,49.2833,120.7333,-3.33,89,57,2.75,broken clouds
129,Filadelfia,US,39.9523,-75.1638,37.99,65,75,10.36,broken clouds
130,Isangel,VU,-19.55,169.2667,76.91,88,100,8.41,light rain
131,Datong,CN,40.0936,113.2914,27.91,70,44,1.52,scattered clouds
132,Itapirapua,BR,-15.8233,-50.6133,70.84,87,99,4.63,overcast clouds
133,Coquimbo,CL,-29.9533,-71.3436,60.8,88,90,3.44,overcast clouds
134,Lavrentiya,RU,65.5833,-171.0,9.95,96,49,3.98,scattered clouds
135,Touros,BR,-5.1989,-35.4608,75.2,94,20,4.61,few clouds
136,Vila Velha,BR,-20.3297,-40.2925,75.2,94,75,3.44,light rain
137,Kovalevskoye,RU,45.1942,40.9761,35.44,89,0,4.45,clear sky
138,Egvekinot,RU,66.3167,-179.1667,-11.25,92,100,8.1,overcast clouds
139,Kupang,ID,-10.1667,123.5833,80.6,94,75,5.75,light rain
140,Hilo,US,19.7297,-155.09,69.8,83,90,4.61,moderate rain
141,Mushie,CD,-3.0167,16.9,89.76,52,2,4.09,clear sky
142,Neiafu,TO,-18.65,-173.9833,82.2,70,100,6.8,overcast clouds
143,Castro,BR,-24.7911,-50.0119,62.17,97,100,8.32,overcast clouds
144,Vanderhoof,CA,54.0166,-124.0198,8.92,95,99,1.99,overcast clouds
145,Chuy,UY,-33.6971,-53.4616,70.12,81,1,8.88,clear sky
146,Kochubey,RU,44.3861,46.5825,42.78,55,7,7.83,clear sky
147,Coolum Beach,AU,-26.5333,153.1,73.99,82,0,5.32,clear sky
148,Provideniya,RU,64.3833,-173.3,12.15,94,94,4.59,overcast clouds
149,Bayir,TR,37.2687,28.2167,57.2,67,75,9.22,broken clouds
150,Luderitz,NA,-26.6481,15.1594,75.24,57,31,7.54,scattered clouds
151,Sur,OM,22.5667,59.5289,73.65,59,0,25.93,clear sky
152,Pisco,PE,-13.7,-76.2167,69.8,88,0,3.44,clear sky
153,Barra Patuca,HN,15.8,-84.2833,74.91,88,68,5.77,light rain
154,Miandrivazo,MG,-19.5167,45.4667,92.79,46,100,5.12,overcast clouds
155,Pa Sang,TH,18.5262,98.9394,84.2,32,20,3.44,few clouds
156,Srednekolymsk,RU,67.45,153.6833,-43.69,80,49,2.66,scattered clouds
157,Chokurdakh,RU,70.6333,147.9167,-43.85,79,26,4.32,scattered clouds
158,Trelleborg,SE,55.3751,13.1569,41.0,87,75,16.11,broken clouds
159,Kushima,JP,31.4583,131.2333,64.4,94,75,8.05,broken clouds
160,Mareeba,AU,-17.0,145.4333,80.6,74,100,10.36,overcast clouds
161,Tessalit,ML,20.1986,1.0114,72.57,16,5,14.88,clear sky
162,Harwich,GB,51.9419,1.2844,39.0,86,0,4.0,clear sky
163,Port Macquarie,AU,-31.4333,152.9167,72.0,81,0,12.39,clear sky
164,Pascagoula,US,30.3658,-88.5561,62.6,94,90,4.61,overcast clouds
165,Ustye,RU,59.6304,39.736,2.89,94,100,11.27,snow
166,Yei,SS,4.095,30.6779,92.88,18,100,5.75,overcast clouds
167,Porto Walter,BR,-8.2686,-72.7439,70.09,94,29,0.51,scattered clouds
168,Bredasdorp,ZA,-34.5322,20.0403,80.6,57,19,9.22,few clouds
169,Aksarka,RU,66.5606,67.7975,-39.73,81,39,6.78,scattered clouds
170,Inongo,CD,-1.95,18.2667,83.05,65,55,2.89,broken clouds
171,Hamilton,US,39.1834,-84.5333,33.8,55,1,4.61,clear sky
172,Klaksvik,FO,62.2266,-6.589,33.8,80,40,20.71,light snow
173,Faya,SA,18.3851,42.4509,69.8,28,27,11.5,scattered clouds
174,Torbay,CA,47.6666,-52.7314,28.99,93,90,27.63,snow
175,Vila Franca Do Campo,PT,37.7167,-25.4333,60.01,100,75,8.05,light rain
176,Santiago Del Estero,AR,-27.7951,-64.2615,66.99,83,0,1.99,clear sky
177,Berlevag,NO,70.8578,29.0864,15.8,73,0,17.27,clear sky
178,Praia Da Vitoria,PT,38.7333,-27.0667,59.0,94,75,10.16,light rain
179,Itarema,BR,-2.9248,-39.9167,79.16,80,100,11.9,overcast clouds
180,Bairiki,KI,1.3292,172.9752,77.0,94,90,8.05,overcast clouds
181,Ancud,CL,-41.8697,-73.8203,55.99,100,90,1.57,fog
182,Bahar,IR,34.9072,48.4414,28.4,54,0,9.22,clear sky
183,Gazli,UZ,40.1333,63.45,28.78,89,18,11.34,few clouds
184,Nouadhibou,MR,20.931,-17.0347,66.2,26,100,16.11,overcast clouds
185,Shingu,JP,33.7333,135.9833,57.2,94,75,3.44,moderate rain
186,Virginia Beach,US,36.8529,-75.978,42.8,52,75,8.05,broken clouds
187,Ormond Beach,US,29.2858,-81.0559,62.01,88,75,8.05,broken clouds
188,Quatre Cocos,MU,-20.2078,57.7625,86.0,65,40,10.36,scattered clouds
189,North Bend,US,43.4065,-124.2243,44.6,93,90,4.61,overcast clouds
190,Moose Factory,CA,51.2585,-80.6094,5.0,85,90,11.5,light snow
191,Yar-Sale,RU,66.8333,70.8333,-36.18,83,92,8.3,overcast clouds
192,Craig,US,40.5153,-107.5464,28.4,93,90,3.44,overcast clouds
193,Severo-Kurilsk,RU,50.6789,156.125,20.35,89,99,3.31,overcast clouds
194,Kostomuksha,RU,64.571,30.5767,6.76,93,100,12.5,overcast clouds
195,Glodeni,MD,47.7708,27.5144,41.0,75,0,13.8,clear sky
196,Anadyr,RU,64.75,177.4833,3.2,85,75,4.47,light snow
197,Taksimo,RU,56.3444,114.8794,-21.64,81,98,0.6,overcast clouds
198,Yumen,CN,40.2833,97.2,31.87,68,0,3.67,clear sky
199,Calbuco,CL,-41.768,-73.1273,60.8,94,90,5.75,overcast clouds
200,Mujiayingzi,CN,42.1167,118.7833,10.8,90,0,1.14,clear sky
201,Sivaki,RU,52.6333,126.75,-20.97,85,0,2.04,clear sky
202,Pitimbu,BR,-7.4706,-34.8086,78.8,83,40,6.91,scattered clouds
203,Pangkalanbuun,ID,-2.6833,111.6167,78.03,86,100,6.53,moderate rain
204,Tabas,IR,33.5959,56.9244,46.4,17,0,9.22,clear sky
205,Nuuk,GL,64.1835,-51.7216,21.2,79,0,2.3,clear sky
206,Kologriv,RU,58.8275,44.3178,-4.56,90,100,5.44,overcast clouds
207,Saint-Philippe,RE,-21.3585,55.7679,89.6,62,75,9.22,broken clouds
208,Pacific Grove,US,36.6177,-121.9166,53.01,87,20,4.61,few clouds
209,Champerico,GT,14.3,-91.9167,57.99,84,0,4.0,clear sky
210,Rio Grande,BR,-32.035,-52.0986,75.0,87,4,3.0,clear sky
211,Placido De Castro,BR,-10.3353,-67.1856,71.85,95,100,2.21,overcast clouds
212,Ixtapa,MX,20.7,-105.2,66.99,92,26,2.19,scattered clouds
213,Berck,FR,50.4,1.6,44.6,76,0,3.44,clear sky
214,Jibuti,DJ,11.5,42.5,80.6,54,1,10.36,clear sky
215,Tra Vinh,VN,9.9347,106.3453,80.06,73,87,4.65,overcast clouds
216,Maues,BR,-3.3836,-57.7186,69.31,98,72,0.96,broken clouds
217,Manokwari,ID,-0.8667,134.0833,81.05,73,54,4.21,broken clouds
218,Liverpool,GB,53.4106,-2.9779,41.0,81,75,13.8,broken clouds
219,Nikolskoye,RU,59.7035,30.7861,24.8,93,90,8.95,light snow
220,Teya,RU,60.3778,92.6267,-18.33,84,100,5.46,light snow
221,Imbituba,BR,-28.24,-48.6703,71.6,94,75,6.91,broken clouds
222,Teahupoo,PF,-17.8333,-149.2667,78.01,74,8,23.0,clear sky
223,Maniitsoq,GL,65.4167,-52.9,23.02,80,0,2.39,clear sky
224,Muroto,JP,33.2833,134.15,60.8,88,75,2.3,broken clouds
225,Bilibino,RU,68.0546,166.4372,-16.33,82,100,3.85,overcast clouds
226,Tuchkovo,RU,55.6011,36.4681,28.99,93,90,6.71,mist
227,Boden,SE,65.8252,21.6886,17.6,93,90,12.66,snow
228,Sovkhoznyy,RU,45.2946,38.1138,48.2,66,40,26.84,scattered clouds
229,Kattivakkam,IN,13.2167,80.3167,86.0,62,40,11.5,scattered clouds
230,Arouca,TT,10.6333,-61.3333,75.99,88,20,4.83,few clouds
231,Roald,NO,62.5833,6.1333,35.01,86,75,3.44,broken clouds
232,Saskylakh,RU,71.9167,114.0833,-17.36,87,100,8.16,overcast clouds
233,Mahebourg,MU,-20.4081,57.7,84.2,65,40,10.36,scattered clouds
234,Katsuura,JP,35.1333,140.3,53.6,58,40,6.91,scattered clouds
235,Aripuana,BR,-9.1667,-60.6333,69.19,99,100,1.41,light rain
236,Harper,LR,4.375,-7.7169,81.12,79,65,6.44,light rain
237,Lompoc,US,34.6391,-120.4579,45.0,93,99,5.75,overcast clouds
238,Port Hardy,CA,50.6996,-127.4199,30.2,93,75,4.61,broken clouds
239,Krasnyy Chikoy,RU,50.3643,108.7512,7.12,91,0,2.19,clear sky
240,Sorkjosen,NO,69.8,20.9333,12.2,62,90,42.57,snow
241,Bouna,CI,9.2667,-3.0,84.67,13,0,7.9,clear sky
242,Morros,BR,-9.4467,-46.3003,72.66,86,1,3.22,light rain
243,Vung Tau,VN,10.346,107.0843,77.41,82,91,7.54,overcast clouds
244,Puyang,CN,29.4603,119.8861,53.26,90,99,3.36,overcast clouds
245,Boende,CD,-0.2167,20.8667,93.7,40,100,2.64,overcast clouds
246,San Luis,AR,-33.295,-66.3356,71.51,36,0,12.55,clear sky
247,Honiara,SB,-9.4333,159.95,77.27,73,45,3.15,scattered clouds
248,Olafsvik,IS,64.8945,-23.7142,28.47,90,58,28.74,broken clouds
249,Kayerkan,RU,69.3497,87.7602,-37.98,76,17,3.49,few clouds
250,Banda Aceh,ID,5.5577,95.3222,80.1,66,47,9.64,scattered clouds
251,Matay,EG,28.419,30.7792,64.24,29,0,9.89,clear sky
252,Hay River,CA,60.8156,-115.7999,-4.0,77,100,5.75,overcast clouds
253,Alofi,NU,-19.0595,-169.9187,78.8,94,99,3.44,moderate rain
254,Aklavik,CA,68.2191,-135.0107,3.2,78,85,4.61,overcast clouds
255,Kahului,US,20.8947,-156.47,71.6,68,1,10.36,clear sky
256,Opuwo,NA,-18.0607,13.84,71.94,67,97,4.27,overcast clouds
257,Oussouye,SN,12.485,-16.5469,78.8,46,0,9.22,clear sky
258,Puerto Quijarro,BO,-17.7833,-57.7667,72.09,97,100,2.51,moderate rain
259,Ribeira Grande,PT,38.5167,-28.7,62.6,100,75,20.71,light rain
260,Adrar,MR,20.5022,-10.0711,68.23,19,67,16.33,broken clouds
261,Sao Filipe,CV,14.8961,-24.4956,74.68,64,86,10.0,overcast clouds
262,Victoria,HK,22.2855,114.1577,72.0,78,8,3.56,clear sky
263,Lufilufi,WS,-13.8745,-171.5986,77.0,94,40,6.91,scattered clouds
264,Tommot,RU,58.9564,126.2925,-35.25,79,68,1.57,broken clouds
265,Buala,SB,-8.145,159.5921,79.47,67,39,6.55,scattered clouds
266,Half Moon Bay,US,37.4636,-122.4286,51.01,81,90,5.75,overcast clouds
267,Alibag,IN,18.6411,72.8792,86.0,45,0,11.5,smoke
268,Rochegda,RU,62.8,43.25,-11.0,88,100,6.4,overcast clouds
269,Beloha,MG,-25.1667,45.05,95.83,43,63,11.34,light rain
270,Asau,RO,46.4333,26.4,32.0,93,97,11.5,overcast clouds
271,Varadero,CU,23.1536,-81.2514,59.0,100,6,5.75,clear sky
272,Nsanje,MW,-16.92,35.262,77.36,85,100,4.74,overcast clouds
273,Siguiri,GN,11.6667,-9.5,80.53,15,98,6.93,overcast clouds
274,Muros,ES,42.7762,-9.0603,50.0,92,99,1.01,overcast clouds
275,Novyy Urengoy,RU,66.0833,76.6333,-45.74,78,59,8.5,broken clouds
276,Caravelas,BR,-17.7125,-39.2481,76.35,83,4,1.61,moderate rain
277,Yagunovskiy,RU,55.2828,85.978,1.4,85,0,11.18,clear sky
278,Koutiala,ML,12.3917,-5.4642,80.08,14,58,14.09,broken clouds
279,Taltal,CL,-25.4,-70.4833,62.31,73,3,3.02,clear sky
280,Belmonte,BR,-15.8631,-38.8828,71.6,88,40,4.61,scattered clouds
281,Forecariah,GN,9.4306,-13.0881,83.88,51,0,2.93,clear sky
282,Harrison,US,30.4091,-89.0436,64.99,94,90,5.75,mist
283,Nanortalik,GL,60.1432,-45.2371,21.83,87,0,1.66,clear sky
284,Cartagena,CO,10.3997,-75.5144,73.4,94,0,2.3,clear sky
285,Pakpattan,PK,30.341,73.3866,81.3,15,79,7.78,broken clouds
286,La Ronge,CA,55.1001,-105.2842,-4.0,84,54,4.61,broken clouds
287,Verkhoyansk,RU,67.5447,133.385,-37.84,79,94,1.52,overcast clouds
288,Bloemhof,ZA,-27.6469,25.607,88.57,33,52,5.19,broken clouds
289,Weihai,CN,37.5017,122.1136,34.92,86,100,7.56,overcast clouds
290,Ambilobe,MG,-13.2,49.05,86.67,71,100,4.07,light rain
291,Palimbang,PH,6.2106,124.1894,79.75,78,100,5.46,light rain
292,Vardo,NO,70.3705,31.1107,17.6,79,40,27.63,scattered clouds
293,Yellowknife,CA,62.456,-114.3525,-27.0,68,20,4.61,few clouds
294,Port Elizabeth,ZA,-33.918,25.5701,80.6,69,0,10.36,clear sky
295,Mar Del Plata,AR,-38.0023,-57.5575,70.0,100,90,6.91,mist
296,Saquarema,BR,-22.92,-42.5103,77.0,83,20,11.5,few clouds
297,Alugan,PH,12.2188,125.4808,80.51,83,2,6.35,clear sky
298,Dikson,RU,73.5069,80.5464,-26.61,86,3,5.23,clear sky
299,Pio Xii,BR,-3.8325,-45.1525,74.08,96,100,1.74,overcast clouds
300,Hobyo,SO,5.3505,48.5268,82.36,67,76,23.06,broken clouds
301,Kysyl-Syr,RU,63.8986,122.7617,-53.91,72,79,2.01,broken clouds
302,Ballina,AU,-28.8667,153.5667,73.4,64,63,8.05,broken clouds
303,Upernavik,GL,72.7868,-56.1549,19.83,96,90,10.45,overcast clouds
304,Bambous Virieux,MU,-20.3428,57.7575,86.0,65,40,10.36,scattered clouds
305,Omaha,US,41.2586,-95.9378,23.0,68,1,12.66,clear sky
306,Daru,PG,-9.0763,143.2092,80.11,86,86,9.26,light rain
307,Constitucion,CL,-35.3333,-72.4167,57.92,86,0,0.74,clear sky
308,Killybegs,IE,54.6333,-8.45,39.2,87,75,6.91,broken clouds
309,Kaitangata,NZ,-46.2817,169.8464,52.59,85,96,6.76,moderate rain
310,Matamoros,MX,25.5333,-103.25,58.32,66,2,1.66,clear sky
311,Shenjiamen,CN,29.9576,122.298,48.83,98,100,9.91,overcast clouds
312,Pringsewu,ID,-5.3582,104.9744,80.55,84,100,2.15,moderate rain
313,Berga,NO,60.392,5.328,37.4,93,75,4.61,broken clouds
314,Man,CI,7.4125,-7.5538,86.18,50,26,2.04,scattered clouds
315,Kavaratti,IN,10.5669,72.642,82.17,68,2,8.48,clear sky
316,Sidney,AU,-33.8679,151.2073,80.6,57,0,18.41,clear sky
317,Turukhansk,RU,65.8167,87.9833,-38.99,74,0,7.4,clear sky
318,Kenai,US,60.5544,-151.2583,35.01,80,90,6.91,overcast clouds
319,Ejido,VE,8.5514,-71.2375,60.06,58,28,6.93,scattered clouds
320,Palazzolo Acreide,IT,37.0623,14.9035,60.8,63,20,8.05,few clouds
321,Nogliki,RU,51.8333,143.1667,-4.52,89,100,12.12,overcast clouds
322,Funtua,NG,11.5233,7.3081,73.15,20,76,19.17,broken clouds
323,Rocha,UY,-34.4833,-54.3333,65.73,88,3,5.95,clear sky
324,Sal Rei,CV,16.1833,-22.9167,71.6,73,0,11.5,clear sky
325,Leua,SK,48.2156,18.6071,50.0,88,100,5.99,light rain
326,Oranjestad,AW,12.524,-70.027,77.0,83,20,12.66,few clouds
327,Mandurah,AU,-32.55,115.7,81.0,63,0,1.01,clear sky
328,Puerto Escondido,MX,15.85,-97.0667,75.97,64,0,5.23,clear sky
329,Lebu,CL,-37.6167,-73.65,58.95,88,0,17.76,clear sky
330,Sokode,TG,8.9833,1.1333,75.2,27,51,6.91,haze
331,Boa Vista,BR,2.8197,-60.6733,77.0,78,0,9.22,clear sky
332,Leshukonskoye,RU,64.8989,45.7622,-14.06,88,49,4.65,scattered clouds
333,Tambacounda,SN,13.7539,-13.7586,84.2,13,0,11.5,clear sky
334,Salta,AR,-24.7859,-65.4117,64.4,72,0,2.3,light rain
335,Sisimiut,GL,66.9395,-53.6735,19.11,79,0,4.97,clear sky
336,Sabha,LY,27.0377,14.4283,58.03,33,0,6.06,clear sky
337,Necochea,AR,-38.5473,-58.7368,70.0,84,0,16.04,clear sky
338,Longyearbyen,SJ,78.2186,15.6401,12.2,67,20,14.97,few clouds
339,Norden,DE,53.6,7.2,41.0,81,10,5.99,clear sky
340,Hithadhoo,MV,-0.6,73.0833,83.03,69,0,8.81,clear sky
341,Praia,CV,14.9215,-23.5087,77.0,53,0,18.41,clear sky
342,Ambon,ID,-3.6954,128.1814,84.2,79,40,3.44,scattered clouds
343,Barcelos,PT,41.5388,-8.6151,51.8,87,75,9.22,moderate rain
344,Lensk,RU,60.7253,114.9278,-33.88,81,99,3.15,overcast clouds
345,San Vicente,AR,-26.6167,-54.1333,65.68,97,58,3.09,broken clouds
346,Quesnel,CA,52.9999,-122.5029,12.2,92,90,0.81,overcast clouds
347,Kargasok,RU,59.0556,80.8572,-8.81,91,98,4.21,overcast clouds
348,Tura,IN,25.5198,90.2201,72.01,43,17,3.71,few clouds
349,General Roca,AR,-39.0333,-67.5833,71.6,56,0,5.75,clear sky
350,Ponta Delgada,PT,37.7333,-25.6667,60.01,100,75,8.05,light rain
351,Teknaf,BD,20.8624,92.3058,77.34,34,0,15.12,clear sky
352,Kununurra,AU,-15.7667,128.7333,82.4,94,84,5.75,broken clouds
353,Benguela,AO,-12.5763,13.4055,80.42,59,92,8.46,overcast clouds
354,Khandbari,NP,27.3747,87.2039,66.94,38,12,6.02,few clouds
355,Amuntai,ID,-2.4177,115.2494,78.66,91,97,2.53,light rain
356,Yulara,AU,-25.2406,130.9889,100.4,7,99,13.8,overcast clouds
357,Denpasar,ID,-8.65,115.2167,78.8,89,20,10.36,light rain
358,Campos,BR,-21.75,-41.3,77.0,94,20,1.48,few clouds
359,Lahaina,US,20.8783,-156.6825,71.6,68,1,10.36,clear sky
360,Port Blair,IN,11.6667,92.75,80.58,58,79,10.22,broken clouds
361,Biltine,TD,14.5333,20.9167,83.12,13,0,8.28,clear sky
362,Pochutla,MX,15.7432,-96.4661,69.01,83,0,2.91,clear sky
363,Tsiroanomandidy,MG,-18.7667,46.0333,84.85,56,98,6.08,overcast clouds
364,Cabatuan,PH,10.8794,122.486,78.51,82,96,4.14,overcast clouds
365,Alexandria,EG,31.2156,29.9553,64.4,48,20,6.91,few clouds
366,Talnakh,RU,69.4865,88.3972,-39.06,74,5,0.69,clear sky
367,Inhambane,MZ,-23.865,35.3833,84.2,70,75,16.11,broken clouds
368,Poum,NC,-20.2333,164.0167,78.49,82,100,22.73,light rain
369,Raga,SS,8.4596,25.678,84.34,15,8,7.65,clear sky
370,Concepcion,CL,-36.827,-73.0498,55.4,100,0,2.3,mist
371,Ust-Nera,RU,64.5667,143.2,-24.48,76,100,1.5,overcast clouds
372,Koplik,AL,42.2136,19.4364,51.8,87,90,8.05,overcast clouds
373,Manggar,ID,-2.8833,108.2667,79.9,82,100,4.29,light rain
374,Westport,US,41.1415,-73.3579,34.0,75,90,4.61,overcast clouds
375,Humaita,BR,-7.5061,-63.0208,71.02,98,100,1.72,light rain
376,Moerai,PF,-22.4333,-151.3333,80.82,77,5,13.18,clear sky
377,Nizwa,OM,22.9333,57.5333,84.15,15,0,4.9,clear sky
378,Comodoro Rivadavia,AR,-45.8667,-67.5,69.8,43,0,16.11,clear sky
379,Namatanai,PG,-3.6667,152.4333,80.04,71,96,7.54,overcast clouds
380,Khani,GE,41.9563,42.9566,46.4,42,0,18.41,clear sky
381,Nortelandia,BR,-14.4547,-56.8028,70.92,93,98,1.36,overcast clouds
382,Camacha,PT,33.0833,-16.3333,64.4,82,20,13.8,few clouds
383,Maumere,ID,-8.6199,122.2111,82.81,75,41,6.73,light rain
384,Vicuna,CL,-30.0319,-70.7081,60.8,88,90,3.44,overcast clouds
385,Newport,GB,51.5877,-2.9984,39.0,97,0,4.63,clear sky
386,Bambanglipuro,ID,-7.95,110.2833,83.01,70,96,3.89,heavy intensity rain
387,Hailar,CN,49.2,119.7,-1.01,90,65,5.75,broken clouds
388,Basarabeasca,MD,46.3311,28.9728,48.2,57,0,8.05,clear sky
389,Marawi,PH,7.9986,124.2928,75.99,94,99,5.01,light rain
390,Mananara,MG,-16.1667,49.7667,87.01,62,91,6.78,overcast clouds
391,Kuytun,RU,54.3419,101.5036,6.55,95,100,8.16,overcast clouds
392,Saint-Leu,RE,-21.15,55.2833,89.6,62,75,9.22,light rain
393,Stokmarknes,NO,68.5646,14.9108,23.0,58,40,10.36,scattered clouds
394,Pokosnoye,RU,55.5258,101.0536,7.56,94,100,5.1,overcast clouds
395,Shitanjing,CN,39.2342,106.3439,29.07,69,0,3.42,clear sky
396,Lisakovsk,KZ,52.5369,62.4936,4.87,94,98,10.83,light snow
397,Nivala,FI,63.9167,24.9667,12.99,89,100,11.01,overcast clouds
398,Scarborough,GB,54.2797,-0.4044,39.99,81,11,5.01,few clouds
399,Santa Cruz,BO,-17.8,-63.1667,73.4,83,40,3.44,scattered clouds
400,Airai,TL,-8.9266,125.4092,65.25,100,95,1.23,moderate rain
401,Thinadhoo,MV,0.5333,72.9333,82.76,72,28,10.42,scattered clouds
402,Yuzawa,JP,39.1667,140.5,39.2,70,75,5.75,broken clouds
403,Totolapan,MX,18.5167,-96.1833,68.0,79,0,1.01,clear sky
404,Novopokrovka,UA,49.8425,36.5477,35.6,100,90,13.42,overcast clouds
405,Bow Island,CA,49.8668,-111.3684,17.01,85,56,3.44,broken clouds
406,Merauke,ID,-8.4667,140.3333,82.27,79,100,9.06,overcast clouds
407,Troitskoye,RU,52.9821,84.6757,11.34,95,100,6.24,overcast clouds
408,Tocopilla,CL,-22.092,-70.1979,66.4,67,4,7.99,clear sky
409,Mizdah,LY,31.4451,12.9801,55.45,39,0,11.9,clear sky
410,Lasa,IT,46.6166,10.7002,34.0,100,90,6.42,mist
411,Maragogi,BR,-9.0122,-35.2225,79.07,71,91,7.83,overcast clouds
412,Waki,JP,34.0667,134.15,50.0,100,75,2.3,fog
413,Watertown,US,42.3709,-71.1828,34.0,69,75,5.44,broken clouds
414,Chiautla,MX,19.5333,-98.8833,51.01,57,1,3.44,clear sky
415,Cherskiy,RU,68.75,161.3,-36.51,81,80,3.18,broken clouds
416,Tiksi,RU,71.6872,128.8694,-33.79,82,100,15.39,overcast clouds
417,Shumyachi,RU,53.8583,32.4242,31.55,98,100,11.21,overcast clouds
418,Villa Altagracia,DO,18.673,-70.171,73.99,85,40,1.99,scattered clouds
419,Bhadrak,IN,21.0633,86.5054,83.64,18,0,2.13,clear sky
420,Lazaro Cardenas,MX,17.9583,-102.2,74.32,64,0,4.92,clear sky
421,Orange,US,33.7,-117.7675,53.6,76,1,6.42,clear sky
422,Yerbogachen,RU,61.2767,108.0108,-47.58,76,53,5.93,broken clouds
423,Calama,CL,-22.4667,-68.9333,46.4,57,0,12.66,clear sky
424,Yining,CN,29.0361,114.5636,52.03,91,100,1.12,overcast clouds
425,Richards Bay,ZA,-28.783,32.0377,91.4,45,1,12.97,clear sky
426,Solnechnyy,RU,50.7214,136.6319,-10.55,84,45,3.06,scattered clouds
427,Kartaly,RU,53.0522,60.6467,7.81,94,100,11.52,overcast clouds
428,Bulolo,PG,-7.2,146.65,73.58,75,100,2.19,moderate rain
429,Sananduva,BR,-27.9497,-51.8067,63.61,96,99,5.26,overcast clouds
430,Parian Dakula,PH,5.5567,120.7719,82.27,77,97,6.04,overcast clouds
431,East Bethel,US,45.3194,-93.2025,3.2,78,1,6.91,clear sky
432,Dalbandin,PK,28.8947,64.4101,61.38,25,22,18.92,few clouds
433,Kidal,ML,18.4411,1.4078,74.17,18,0,17.92,clear sky
434,Peniche,PT,39.3558,-9.3811,57.0,63,11,25.99,few clouds
435,Jilib,SO,0.4883,42.7854,94.89,37,97,15.93,overcast clouds
436,Saint Anthony,US,45.0205,-93.218,3.99,71,1,6.91,clear sky
437,Maroantsetra,MG,-15.4333,49.7333,85.59,66,96,8.14,light rain
438,Axim,GH,4.8699,-2.2405,83.1,72,97,5.28,overcast clouds
439,Vila,PT,42.0304,-8.1588,44.01,95,100,5.99,overcast clouds
440,Ostrovnoy,RU,68.0531,39.5131,-1.5,91,88,11.48,overcast clouds
441,Dudinka,RU,69.4058,86.1778,-41.64,78,34,5.12,scattered clouds
442,Aasiaat,GL,68.7098,-52.8699,13.06,83,89,6.96,overcast clouds
443,Springdale,US,36.1867,-94.1288,42.01,81,20,11.5,few clouds
444,Stirion,GR,38.4,22.7167,60.01,64,99,5.97,overcast clouds
445,San Patricio,US,28.017,-97.5169,64.4,100,90,3.44,mist
446,Port Hedland,AU,-20.3167,118.5667,93.2,36,100,11.5,overcast clouds
447,Anshun,CN,26.25,105.9333,51.01,58,0,2.84,clear sky
448,Bintulu,MY,3.1667,113.0333,82.0,94,75,5.75,broken clouds
449,San Ignacio,BZ,17.1561,-89.0714,72.0,100,75,4.61,light rain
450,Digby,CA,44.6169,-65.7655,33.8,100,100,5.75,overcast clouds
451,Monchegorsk,RU,67.9397,32.8739,-0.83,90,100,4.27,overcast clouds
452,Hualmay,PE,-11.0964,-77.6139,68.94,85,71,3.76,broken clouds
453,Atasu,KZ,48.6814,71.6433,-4.63,91,73,10.2,broken clouds
454,Folkestone,GB,51.0833,1.1833,39.0,97,29,7.0,scattered clouds
455,Ahuimanu,US,21.4447,-157.8378,75.2,64,90,13.8,overcast clouds
456,Pindobacu,BR,-10.7417,-40.3608,69.03,84,100,6.96,overcast clouds
457,Sawakin,SD,19.1059,37.3321,80.35,56,60,16.51,broken clouds
458,Vao,NC,-22.6667,167.4833,75.0,77,97,20.78,overcast clouds
459,Davila,PH,18.4726,120.5763,80.6,89,75,4.61,broken clouds
460,Fountain Hills,US,33.6117,-111.7174,57.2,71,1,5.75,clear sky
461,Salinopolis,BR,-0.6136,-47.3561,79.07,84,100,11.18,light rain
462,Karratha,AU,-20.7377,116.8463,86.72,70,100,14.99,overcast clouds
463,Maine-Soroa,NE,13.2114,12.0241,75.99,18,5,17.13,clear sky
464,Kloulklubed,PW,7.0419,134.2556,80.6,83,75,5.75,broken clouds
465,Zeya,RU,53.75,127.2667,-20.94,83,0,1.9,clear sky
466,Calamar,CO,10.2511,-74.9146,73.4,94,0,2.3,clear sky
467,Kasongo-Lunda,CD,-6.4667,16.8167,73.99,88,100,3.36,overcast clouds
468,Paamiut,GL,61.994,-49.6678,22.89,87,25,6.04,scattered clouds
469,Teguise,ES,29.0605,-13.564,66.2,88,40,9.22,fog
470,Nemuro,JP,43.3236,145.575,19.4,79,20,2.3,few clouds
471,Shieli,KZ,44.1667,66.75,21.2,86,27,11.88,scattered clouds
472,Alyangula,AU,-13.8483,136.4192,80.6,94,90,9.28,overcast clouds
473,Andijon,UZ,40.7821,72.3442,33.82,78,100,7.09,overcast clouds
474,Kabalo,CD,-6.05,26.9167,69.39,96,100,0.98,light rain
475,Muisne,EC,0.6,-80.0333,74.41,91,99,6.17,moderate rain
476,Mpanda,TZ,-6.3655,31.0409,75.29,73,100,4.83,overcast clouds
477,Nichinan,JP,31.6,131.3667,64.4,94,75,8.05,broken clouds
478,Franklin Park,US,41.9353,-87.8656,23.0,53,1,19.57,clear sky
479,Tepalcatepec,MX,19.1833,-102.85,71.47,41,9,3.0,clear sky
480,Huarmey,PE,-10.0681,-78.1522,69.55,84,75,6.22,broken clouds
481,Fort Nelson,CA,58.8053,-122.7002,5.0,92,1,2.3,clear sky
482,Skibbereen,IE,51.55,-9.2667,35.6,93,75,9.22,broken clouds
483,Tautira,PF,-17.7333,-149.15,78.01,74,14,23.0,light rain
484,Ceglie Messapica,IT,40.6439,17.5155,60.8,59,20,8.05,few clouds
485,Faanui,PF,-16.4833,-151.75,81.03,73,57,16.24,light rain
486,Hurghada,EG,27.2574,33.8129,66.2,32,0,9.22,clear sky
487,Kenora,CA,49.8167,-94.4337,-9.4,77,90,5.75,light snow
488,Wamba,NG,8.9333,8.6,90.48,12,17,4.74,few clouds
489,Marzuq,YE,14.4,46.4667,69.89,24,19,9.31,few clouds
490,Pozo Colorado,PY,-23.4923,-58.7972,72.81,96,8,4.16,clear sky
491,Kentau,KZ,43.5206,68.5094,12.97,92,98,6.08,overcast clouds
492,Ust-Kulom,RU,61.6864,53.6902,-11.67,88,23,3.62,few clouds
493,Sorong,ID,-0.8833,131.25,82.11,83,97,13.56,light rain
494,Yarim,YE,14.298,44.3779,64.09,24,0,2.28,clear sky
495,Bolshaya Rechka,RU,51.9503,104.7355,10.4,79,0,13.42,clear sky
496,College,US,64.8569,-147.8028,6.8,72,75,3.27,broken clouds
497,San Lorenzo De El Escorial,ES,40.5914,-4.1474,48.99,77,58,3.0,broken clouds
498,Santa Cruz Cabralia,BR,-16.2781,-39.0247,71.6,88,40,4.61,scattered clouds
499,Takoradi,GH,4.8845,-1.7554,83.61,71,100,3.69,overcast clouds
500,Cabedelo,BR,-6.9811,-34.8339,78.8,83,40,6.91,scattered clouds
501,Medvezhyegorsk,RU,62.9167,34.4667,4.46,93,100,10.29,snow
502,Narsaq,GL,60.9167,-46.05,17.6,62,0,2.3,clear sky
503,Noumea,NC,-22.2763,166.4572,77.0,69,90,5.75,overcast clouds
504,Waimana,NZ,-38.15,177.0833,60.01,74,67,1.54,broken clouds
505,Eston,CA,51.1501,-108.7514,21.2,86,90,10.36,light snow
506,Nishihara,JP,26.1842,127.7558,71.6,94,75,8.05,light rain
507,Pampas,PE,-12.4,-74.9,47.26,82,100,2.37,light rain
508,Puerto Madero,MX,14.7208,-92.4215,76.5,70,0,2.01,clear sky
509,Tarko-Sale,RU,64.9225,77.785,-43.87,79,44,11.43,scattered clouds
510,Paciran,ID,-6.8767,112.3761,80.73,83,83,13.27,heavy intensity rain
511,Esmeraldas,BR,-19.7625,-44.3139,68.0,77,0,4.61,clear sky
512,Bafq,IR,31.6128,55.4107,44.49,48,0,11.36,clear sky
513,Pirenopolis,BR,-15.8525,-48.9592,66.2,72,0,6.91,clear sky
514,Hastings,GB,50.8552,0.5729,39.0,84,53,1.01,broken clouds
515,Mayo,US,38.8876,-76.5119,37.4,56,1,3.44,clear sky
516,Bakchar,RU,57.0186,82.0711,-4.52,91,100,5.84,overcast clouds
517,Bantry,IE,51.6833,-9.45,37.4,93,75,4.61,broken clouds
518,Garissa,KE,-0.4536,39.6401,85.96,56,100,9.4,overcast clouds
519,Vanavara,RU,60.34,102.2797,-32.03,81,97,8.95,overcast clouds
520,Ust-Maya,RU,60.4167,134.5333,-52.78,74,56,0.25,broken clouds
521,Vaitape,PF,-16.5167,-151.75,81.05,73,53,16.28,light rain
522,Korla,CN,41.7597,86.1469,32.29,74,92,3.56,overcast clouds
523,Cockburn Town,TC,21.4612,-71.1419,75.88,72,94,12.37,overcast clouds
524,Saint-Pierre,RE,-21.3393,55.4781,89.6,62,75,9.22,light rain
525,Keskin,TR,39.6731,33.6136,37.99,57,36,2.55,scattered clouds
526,Maarianhamina,AX,60.0973,19.9348,41.0,87,90,13.8,moderate rain
527,Nanyamba,TZ,-10.6833,39.8333,86.0,74,75,25.32,light rain
528,Sao Joao Da Barra,BR,-21.6403,-41.0511,77.0,94,20,3.31,few clouds
529,Tasiilaq,GL,65.6145,-37.6368,10.4,72,34,2.3,scattered clouds
530,Missouri City,US,29.6186,-95.5377,66.2,94,90,3.44,mist
531,Senden,DE,48.3244,10.0444,46.0,65,75,9.22,broken clouds
532,Deputatskiy,RU,69.3,139.9,-38.61,81,0,2.95,clear sky
533,Havelock,US,34.8791,-76.9013,45.0,81,90,8.05,overcast clouds
534,Nola,IT,40.922,14.5329,57.99,80,100,1.99,overcast clouds
535,Kihei,US,20.785,-156.4656,71.6,68,1,10.36,clear sky
536,Dekar,BW,-21.5333,21.9333,77.04,67,93,15.68,light rain
537,Saldanha,ZA,-33.0117,17.9442,86.0,37,21,8.05,few clouds
538,Ribeira Brava,PT,32.65,-17.0667,64.99,82,7,1.99,clear sky
539,Zhuhai,CN,22.2769,113.5678,69.8,83,20,2.3,mist
540,Raudeberg,NO,61.9875,5.1352,37.99,73,86,10.83,overcast clouds
541,Potiskum,NG,11.7091,11.0694,78.48,18,35,14.83,scattered clouds
542,Aksu,CN,41.1231,80.2644,36.7,61,85,3.11,overcast clouds
543,Whitianga,NZ,-36.8333,175.7,62.01,79,0,7.83,clear sky
544,Balikpapan,ID,-1.2675,116.8289,82.4,83,20,1.14,few clouds
545,Ustek,CZ,50.5847,14.3433,51.8,54,0,9.22,clear sky
546,Kurumkan,RU,54.3,110.3,-9.6,83,37,1.52,scattered clouds
547,Saint-Francois,FR,46.4154,3.9054,48.0,93,90,1.14,light rain
548,Stromness,GB,58.965,-3.296,39.2,75,40,26.46,scattered clouds
549,Avera,US,33.194,-82.5271,48.2,98,90,6.62,mist
550,Nalut,LY,30.3333,10.85,57.49,35,0,7.99,clear sky
551,Zavodskoy,RU,43.4597,132.2922,14.0,48,0,6.71,clear sky
552,Komsomolskiy,UZ,40.4272,71.7189,33.8,40,75,18.41,light snow
553,Koson,UZ,39.0375,65.585,28.4,64,20,2.3,few clouds
554,Barra Do Garcas,BR,-15.89,-52.2567,71.98,87,84,1.83,broken clouds
555,Waingapu,ID,-9.6567,120.2641,82.22,77,91,9.89,moderate rain
556,Broken Hill,AU,-31.95,141.4333,91.4,9,0,9.22,clear sky
557,Honningsvag,NO,70.9821,25.9704,17.6,67,20,27.63,few clouds
558,Mount Isa,AU,-20.7333,139.5,78.8,61,77,8.05,broken clouds
559,Narathiwat,TH,6.3333,101.75,84.2,70,20,6.91,few clouds
560,Terra Santa,BR,-2.1042,-56.4869,70.5,98,64,1.48,light rain
561,Maraba,BR,-5.3686,-49.1178,73.4,100,0,1.5,clear sky
562,Byron Bay,AU,-28.65,153.6167,73.4,64,58,8.05,broken clouds
563,Alberton,CA,46.8168,-64.0654,23.0,58,23,8.05,few clouds
564,Yenagoa,NG,4.9247,6.2642,87.91,59,74,2.04,broken clouds
565,Krasnoarmeyskoye,RU,52.7182,50.0322,8.82,94,97,5.28,overcast clouds
566,Sao Miguel Do Araguaia,BR,-13.275,-50.1628,72.28,88,88,2.53,overcast clouds
567,Menongue,AO,-14.6585,17.691,79.3,39,58,5.77,broken clouds
568,Husavik,IS,66.0449,-17.3389,26.6,93,90,20.71,snow
569,Vilhena,BR,-12.7406,-60.1458,65.84,98,100,1.54,light rain
570,Katangli,RU,51.7102,143.2326,-4.83,90,100,11.56,overcast clouds
571,Nipawin,CA,53.3668,-104.0009,6.8,72,90,11.5,light snow
572,Kungurtug,RU,50.5994,97.5228,17.33,89,77,2.28,broken clouds
573,Ayan,RU,56.45,138.1667,-20.34,72,100,12.95,overcast clouds
574,Jalu,LY,29.0331,21.5482,58.37,36,28,9.42,scattered clouds
575,Bokony,HU,47.7333,21.75,48.2,76,0,18.41,light rain
576,Abha,SA,18.2164,42.5053,69.8,28,55,11.5,broken clouds
577,Naze,JP,28.3667,129.4833,66.2,94,75,12.66,light rain
578,Narasannapeta,IN,18.4167,84.05,80.46,63,9,11.56,clear sky
579,Aromashevo,RU,56.8602,68.6375,-12.17,89,36,5.21,scattered clouds
580,Hambantota,LK,6.1241,81.1185,89.6,66,92,10.36,light rain
581,San Policarpo,PH,12.1791,125.5072,80.98,83,1,6.55,clear sky
582,Sinjai,ID,-5.1241,120.253,81.9,81,44,3.69,light rain
583,Smidovich,RU,48.6,133.8167,-5.3,85,0,5.86,clear sky
584,Roma,US,43.2128,-75.4557,35.6,75,90,10.36,light snow
585,Civitavecchia,IT,42.0933,11.7967,51.01,96,100,8.01,overcast clouds
586,Tunkas,MX,20.9,-88.75,62.82,96,5,3.49,clear sky
587,Victor Harbor,AU,-35.5667,138.6167,80.6,22,0,11.5,clear sky
588,Touba,CI,8.2833,-7.6833,83.5,43,8,3.24,clear sky
589,Launceston,AU,-41.45,147.1667,66.0,55,100,11.5,overcast clouds
590,Juba,SS,4.8517,31.5825,99.1,18,100,5.84,overcast clouds
591,Nabire,ID,-3.3667,135.4833,79.38,84,100,2.37,moderate rain
592,Coihaique,CL,-45.5752,-72.0662,59.0,72,90,2.3,overcast clouds
593,Forbes,AU,-33.3833,148.0167,86.0,32,81,1.01,broken clouds
594,Udachnyy,RU,66.4167,112.4,-55.55,59,60,2.8,broken clouds
595,Umm Kaddadah,SD,13.6017,26.6876,75.58,18,30,17.11,scattered clouds
596,Santa Lucia,ES,27.9117,-15.5407,70.0,82,40,17.27,scattered clouds
597,Papendrecht,NL,51.8317,4.6875,39.99,93,14,7.0,few clouds
598,Mudgee,AU,-32.5943,149.5871,77.0,50,54,5.75,broken clouds
599,Dubti,ET,11.7361,41.0853,89.67,14,59,9.15,broken clouds
600,Iqaluit,CA,63.7506,-68.5145,32.0,86,75,27.63,light snow
601,Butterworth,MY,5.3991,100.3638,87.8,66,20,11.5,few clouds
602,Baruun-Urt,MN,46.6806,113.2792,5.29,89,97,9.46,overcast clouds
603,Ilulissat,GL,69.2167,-51.1,15.8,67,41,2.3,scattered clouds
604,Goderich,CA,43.7501,-81.7165,28.4,80,100,21.85,overcast clouds
605,Srandakan,ID,-7.9386,110.2506,83.25,69,96,3.94,heavy intensity rain
606,Alice Springs,AU,-23.7,133.8833,96.8,10,86,9.22,overcast clouds
607,Blagoyevo,RU,63.3667,47.9167,-12.01,88,7,4.14,clear sky
608,Burnie,AU,-41.0667,145.9167,64.0,73,100,10.0,overcast clouds
609,Porto Novo,BJ,6.4965,2.6036,84.2,74,71,5.75,haze
610,Mezen,RU,65.8522,44.24,-15.11,88,53,6.11,broken clouds
611,Kharp,RU,66.8014,65.8081,-35.12,77,1,1.07,clear sky
612,Voyvozh,RU,62.892,54.9635,-13.16,89,27,2.53,scattered clouds
613,Mitu,CO,1.1983,-70.1733,70.65,99,100,2.13,light rain
614,Buloh Kasap,MY,2.5536,102.764,82.4,83,20,3.94,few clouds
615,Hammerfest,NO,70.6634,23.6821,10.4,72,20,26.46,snow
616,Grand Island,US,40.925,-98.342,24.8,80,20,9.22,few clouds
617,Impfondo,CG,1.6381,18.0667,93.43,37,16,4.29,few clouds
618,Halifax,CA,44.6453,-63.5724,24.8,86,90,8.05,light snow
619,Myskhako,RU,44.6714,37.7433,48.2,66,40,26.84,scattered clouds
620,Kemijarvi,FI,66.7131,27.4306,10.92,93,100,14.36,light snow
621,Salinas,US,36.6777,-121.6555,51.8,76,90,2.04,overcast clouds
622,Senanga,ZM,-16.1167,23.2667,67.98,93,100,5.23,light rain
623,Novo Aripuana,BR,-5.1206,-60.3797,70.63,98,99,1.57,overcast clouds
624,Tainan,TW,22.9908,120.2133,66.99,82,75,5.75,mist
625,Cayenne,GF,4.9333,-52.3333,73.4,100,90,9.46,overcast clouds
626,Lata,PT,40.1629,-8.3327,48.99,92,80,8.99,broken clouds
627,Anloga,GH,5.7947,0.8973,84.2,74,40,6.91,scattered clouds
628,Xai-Xai,MZ,-25.0519,33.6442,83.28,54,8,10.6,clear sky
629,La Macarena,CO,2.1837,-73.7849,69.46,97,100,1.21,light rain
630,Rawson,AR,-43.3002,-65.1023,73.09,41,0,12.19,clear sky
631,Ust-Kuyga,RU,70.0167,135.6,-34.51,81,92,3.91,overcast clouds
632,Lerwick,GB,60.1545,-1.1494,37.4,87,40,24.16,light snow
633,Midland,US,31.9974,-102.0779,48.99,76,1,10.36,clear sky
634,Gat,IL,31.61,34.7642,62.01,40,0,4.0,clear sky
635,Tandil,AR,-37.3217,-59.1332,70.0,93,0,7.0,clear sky
636,Oro Valley,US,32.3909,-110.9665,46.99,88,22,1.99,few clouds
637,Pakxan,LA,18.3778,103.6601,86.77,30,27,4.0,scattered clouds
638,Sandusky,US,41.3501,-83.1332,34.0,76,95,7.0,overcast clouds
639,Canora,CA,51.6333,-102.4343,6.8,92,90,10.36,light snow
640,Caluquembe,AO,-13.7833,14.6833,76.66,26,74,9.73,broken clouds
641,Beyneu,KZ,45.3167,55.2,26.24,79,100,13.22,overcast clouds
642,Qaqortoq,GL,60.7167,-46.0333,17.6,62,0,2.3,clear sky
643,Krasnoselkup,RU,65.7,82.4667,-43.69,75,0,10.2,clear sky
644,Karoi,ZW,-16.8099,29.6925,74.59,84,97,4.27,moderate rain
645,Qena,EG,26.1615,32.7183,69.8,43,0,9.22,clear sky
646,Chippewa Falls,US,44.9369,-91.3929,5.0,72,1,11.5,clear sky
647,Acarau,BR,-2.8856,-40.12,79.05,81,100,12.08,overcast clouds
648,Storm Lake,US,42.6411,-95.2097,12.2,85,1,11.5,clear sky
649,Huatulco,MX,15.8436,-96.3267,69.01,83,0,3.67,clear sky
650,Yacuiba,BO,-22.038,-63.6797,69.82,62,98,3.58,overcast clouds
651,Haines Junction,CA,60.7522,-137.5108,-5.8,77,12,0.13,few clouds
652,Manicore,BR,-5.8092,-61.3003,70.68,99,100,1.59,overcast clouds
653,Burgdorf,DE,52.4463,10.0064,43.0,81,75,11.5,broken clouds
654,Matagami,CA,49.7502,-77.6328,6.8,85,90,5.75,light snow
655,Chimbote,PE,-9.0853,-78.5783,68.95,86,56,5.75,broken clouds
656,Manaus,BR,-3.1019,-60.025,73.4,94,0,2.13,clear sky
657,Sola,VU,-13.8833,167.55,82.54,74,94,10.27,light rain
658,Pangnirtung,CA,66.1451,-65.7125,19.47,82,13,8.63,few clouds
659,Lahij,YE,13.1667,44.5833,80.96,32,0,11.97,clear sky
660,Trincomalee,LK,8.5711,81.2335,80.94,73,96,8.61,overcast clouds
661,Bongor,TD,10.2806,15.3722,84.29,14,88,7.49,overcast clouds
662,Saint-Joseph,RE,-21.3667,55.6167,89.6,62,75,9.22,broken clouds
663,Pasighat,IN,28.0667,95.3333,70.2,47,1,1.74,clear sky
664,Qandala,SO,11.472,49.8728,77.5,49,14,8.08,few clouds
665,Pedasi,PA,7.5333,-80.0333,77.59,78,65,17.58,broken clouds
666,Rapid City,US,44.0805,-103.231,21.99,93,90,3.44,overcast clouds
667,Vincennes,FR,48.85,2.4333,41.0,93,90,5.75,overcast clouds
668,Zheleznodorozhnyy,RU,55.7503,38.0042,28.4,100,90,6.71,light snow
669,Saldana,CO,3.9292,-75.0152,71.94,90,95,1.01,overcast clouds
670,San Isidro,PE,-12.1167,-77.05,72.0,88,0,6.91,clear sky
671,Iquitos,PE,-3.7481,-73.2472,75.2,94,75,1.14,broken clouds
672,Manta,EC,-0.95,-80.7333,74.53,82,100,7.0,overcast clouds
673,Bathsheba,BB,13.2167,-59.5167,78.8,73,20,17.27,few clouds
674,Hervey Bay,AU,-25.2986,152.8535,75.99,66,91,3.0,overcast clouds
675,Sars,RU,56.5502,57.1366,8.56,95,100,2.82,overcast clouds
676,Mingshui,CN,36.7167,117.5,37.0,72,100,3.0,overcast clouds
677,Bonavista,CA,48.6499,-53.1147,30.0,100,100,13.8,snow
678,Caldwell,US,43.6629,-116.6874,33.01,100,90,4.61,mist
679,Navalmoral De La Mata,ES,39.8916,-5.5406,45.0,84,36,3.0,scattered clouds
680,Assisi,IT,43.0691,12.6165,55.4,76,75,8.05,broken clouds
681,Kerman,IR,30.2832,57.0788,41.0,33,82,4.61,broken clouds
682,Port-Gentil,GA,-0.7193,8.7815,78.8,89,90,5.75,light rain
683,Moree,AU,-29.4667,149.85,73.4,64,2,4.61,clear sky
684,Methven,NZ,-43.6333,171.65,59.0,65,48,3.0,moderate rain
685,Hvide Sande,DK,56.0045,8.1294,43.0,87,20,19.57,few clouds
686,Chernyshevskiy,RU,63.0128,112.4714,-56.76,63,51,2.15,broken clouds
687,Trinidad,BO,-14.8333,-64.9,70.99,96,100,3.11,light rain
688,Kamaishi,JP,39.2667,141.8833,39.2,60,75,4.61,broken clouds
689,Mpika,ZM,-11.8343,31.4529,65.75,90,100,8.39,overcast clouds
690,Zyryanka,RU,65.75,150.85,-44.45,78,41,4.56,scattered clouds
691,Kokemaki,FI,61.2565,22.3564,35.6,93,90,16.11,overcast clouds
692,Bani Walid,LY,31.7566,13.9942,61.65,31,0,13.49,clear sky
693,Umm Lajj,SA,25.0213,37.2685,76.01,28,1,3.44,clear sky
694,Huilong,CN,31.8111,121.655,50.0,98,100,4.0,overcast clouds
695,Lev Tolstoy,RU,53.2134,39.446,32.0,79,97,13.0,overcast clouds
696,Zonguldak,TR,41.25,31.8333,43.43,74,46,4.12,scattered clouds
697,Terme,TR,41.2092,36.9739,55.4,26,0,9.22,clear sky
